ID,recommendedProjects
12056,178|5|391|196|314|103|382|483|469|222|178|5|391|196|314|103|382|483|469|222|178|5|391|196|314|103|382|483|469|222|178|5|391|196|314|103|382|483|469|222
12057,178|5|391|196|314|103|382|483|469|222|178|5|391|196|314|103|382|483|469|222|178|5|391|196|314|103|382|483|469|222|178|5|391|196|314|103|382|483|469|222
12058,178|5|391|196|314|103|382|483|469|222|178|5|391|196|314|103|382|483|469|222|178|5|391|196|314|103|382|483|469|222|178|5|391|196|314|103|382|483|469|222
12059,178|5|391|196|314|103|382|483|469|222|178|5|391|196|314|103|382|483|469|222|178|5|391|196|314|103|382|483|469|222|178|5|391|196|314|103|382|483|469|222
12060,465|178|391|196|314|103|382|483|469|222|465|178|391|196|314|103|382|483|469|222|465|178|391|196|314|103|382|483|469|222|465|178|391|196|314|103|382|483|469|222
12061,178|5|391|196|314|103|382|483|469|222|178|5|391|196|314|103|382|483|469|222|178|5|391|196|314|103|382|483|469|222|178|5|391|196|314|103|382|483|469|222
12062,178|5|391|196|314|103|382|483|469|222|178|5|391|196|314|103|382|483|469|222|178|5|391|196|314|103|382|483|469|222|178|5|391|196|314|103|382|483|469|222
12063,178|5|391|196|314|103|382|483|469|222|178|5|391|196|314|103|382|483|469|222|178|5|391|196|314|103|382|483|469|222|178|5|391|196|314|103|382|483|469|222
12064,178|5|391|196|314|103|382|483|469|222|178|5|391|196|314|103|382|483|469|222|178|5|391|196|314|103|382|483|469|222|178|5|391|196|314|103|382|483|469|222
12065,178|5|391|196|314|103|382|483|469|222|178|5|391|196|314|103|382|483|469|222|178|5|391|196|314|103|382|483|469|222|178|5|391|196|314|103|382|483|469|222
12066,178|5|391|196|314|103|382|483|469|222|178|5|391|196|314|103|382|483|469|222|178|5|391|196|314|103|382|483|469|222|178|5|391|196|314|103|382|483|469|222
12067,178|5|391|196|314|103|382|483|469|222|178|5|391|196|314|103|382|483|469|222|178|5|391|196|314|103|382|483|469|222|178|5|391|196|314|103|382|483|469|222
12068,178|5|391|196|314|103|382|483|469|222|178|5|391|196|314|103|382|483|469|222|178|5|391|196|314|103|382|483|469|222|178|5|391|196|314|103|382|483|469|222
12069,178|5|391|196|314|103|382|483|469|222|178|5|391|196|314|103|382|483|469|222|178|5|391|196|314|103|382|483|469|222|178|5|391|196|314|103|382|483|469|222
12070,178|5|391|196|314|103|382|483|469|222|178|5|391|196|314|103|382|483|469|222|178|5|391|196|314|103|382|483|469|222|178|5|391|196|314|103|382|483|469|222
12071,178|5|391|196|314|103|382|483|469|222|178|5|391|196|314|103|382|483|469|222|178|5|391|196|314|103|382|483|469|222|178|5|391|196|314|103|382|483|469|222
12072,178|5|391|196|314|103|382|483|469|222|178|5|391|196|314|103|382|483|469|222|178|5|391|196|314|103|382|483|469|222|178|5|391|196|314|103|382|483|469|222
12073,178|5|391|196|314|103|382|483|469|222|178|5|391|196|314|103|382|483|469|222|178|5|391|196|314|103|382|483|469|222|178|5|391|196|314|103|382|483|469|222
12074,178|5|391|196|314|103|382|483|469|222|178|5|391|196|314|103|382|483|469|222|178|5|391|196|314|103|382|483|469|222|178|5|391|196|314|103|382|483|469|222
12075,178|5|391|196|314|103|382|483|469|222|178|5|391|196|314|103|382|483|469|222|178|5|391|196|314|103|382|483|469|222|178|5|391|196|314|103|382|483|469|222
12076,178|5|391|196|314|103|382|483|469|222|178|5|391|196|314|103|382|483|469|222|178|5|391|196|314|103|382|483|469|222|178|5|391|196|314|103|382|483|469|222
12077,178|5|391|196|314|103|382|483|469|222|178|5|391|196|314|103|382|483|469|222|178|5|391|196|314|103|382|483|469|222|178|5|391|196|314|103|382|483|469|222
12078,465|178|5|391|196|314|103|382|483|469|465|178|5|391|196|314|103|382|483|469|465|178|5|391|196|314|103|382|483|469|465|178|5|391|196|314|103|382|483|469
12079,178|5|391|196|314|103|382|483|469|222|178|5|391|196|314|103|382|483|469|222|178|5|391|196|314|103|382|483|469|222|178|5|391|196|314|103|382|483|469|222
12080,178|5|391|196|314|103|382|483|469|222|178|5|391|196|314|103|382|483|469|222|178|5|391|196|314|103|382|483|469|222|178|5|391|196|314|103|382|483|469|222
12081,178|5|391|196|314|103|382|483|469|222|178|5|391|196|314|103|382|483|469|222|178|5|391|196|314|103|382|483|469|222|178|5|391|196|314|103|382|483|469|222
12082,178|5|391|196|314|103|382|483|469|222|178|5|391|196|314|103|382|483|469|222|178|5|391|196|314|103|382|483|469|222|178|5|391|196|314|103|382|483|469|222
12083,178|5|391|196|314|103|382|483|469|222|178|5|391|196|314|103|382|483|469|222|178|5|391|196|314|103|382|483|469|222|178|5|391|196|314|103|382|483|469|222
12084,178|5|391|196|314|103|382|483|469|222|178|5|391|196|314|103|382|483|469|222|178|5|391|196|314|103|382|483|469|222|178|5|391|196|314|103|382|483|469|222
12085,178|5|391|196|314|103|382|483|469|222|178|5|391|196|314|103|382|483|469|222|178|5|391|196|314|103|382|483|469|222|178|5|391|196|314|103|382|483|469|222
12086,178|5|391|196|314|103|382|483|469|222|178|5|391|196|314|103|382|483|469|222|178|5|391|196|314|103|382|483|469|222|178|5|391|196|314|103|382|483|469|222
12087,178|5|391|196|314|103|382|483|469|222|178|5|391|196|314|103|382|483|469|222|178|5|391|196|314|103|382|483|469|222|178|5|391|196|314|103|382|483|469|222
12088,178|5|391|196|314|103|382|483|469|222|178|5|391|196|314|103|382|483|469|222|178|5|391|196|314|103|382|483|469|222|178|5|391|196|314|103|382|483|469|222
12089,178|5|391|196|314|103|382|483|469|222|178|5|391|196|314|103|382|483|469|222|178|5|391|196|314|103|382|483|469|222|178|5|391|196|314|103|382|483|469|222
12090,178|5|391|196|314|103|382|483|469|222|178|5|391|196|314|103|382|483|469|222|178|5|391|196|314|103|382|483|469|222|178|5|391|196|314|103|382|483|469|222
12091,178|5|391|196|314|103|382|483|469|222|178|5|391|196|314|103|382|483|469|222|178|5|391|196|314|103|382|483|469|222|178|5|391|196|314|103|382|483|469|222
12092,178|5|391|196|314|103|382|483|469|222|178|5|391|196|314|103|382|483|469|222|178|5|391|196|314|103|382|483|469|222|178|5|391|196|314|103|382|483|469|222
12093,178|5|391|196|314|103|382|483|469|222|178|5|391|196|314|103|382|483|469|222|178|5|391|196|314|103|382|483|469|222|178|5|391|196|314|103|382|483|469|222
12094,178|5|391|196|314|103|382|483|469|222|178|5|391|196|314|103|382|483|469|222|178|5|391|196|314|103|382|483|469|222|178|5|391|196|314|103|382|483|469|222
12095,178|5|391|196|314|103|382|483|469|222|178|5|391|196|314|103|382|483|469|222|178|5|391|196|314|103|382|483|469|222|178|5|391|196|314|103|382|483|469|222
12096,178|5|391|196|314|103|382|483|469|222|178|5|391|196|314|103|382|483|469|222|178|5|391|196|314|103|382|483|469|222|178|5|391|196|314|103|382|483|469|222
12097,178|5|391|196|314|103|382|483|469|222|178|5|391|196|314|103|382|483|469|222|178|5|391|196|314|103|382|483|469|222|178|5|391|196|314|103|382|483|469|222
12098,178|5|391|196|314|103|382|483|469|222|178|5|391|196|314|103|382|483|469|222|178|5|391|196|314|103|382|483|469|222|178|5|391|196|314|103|382|483|469|222
12099,178|5|391|196|314|103|382|483|469|222|178|5|391|196|314|103|382|483|469|222|178|5|391|196|314|103|382|483|469|222|178|5|391|196|314|103|382|483|469|222
12100,178|5|391|196|314|103|382|483|469|222|178|5|391|196|314|103|382|483|469|222|178|5|391|196|314|103|382|483|469|222|178|5|391|196|314|103|382|483|469|222
12101,178|5|391|196|314|103|382|483|469|222|178|5|391|196|314|103|382|483|469|222|178|5|391|196|314|103|382|483|469|222|178|5|391|196|314|103|382|483|469|222
12102,178|5|391|196|314|103|382|483|469|222|178|5|391|196|314|103|382|483|469|222|178|5|391|196|314|103|382|483|469|222|178|5|391|196|314|103|382|483|469|222
12103,178|5|391|196|314|103|382|483|469|222|178|5|391|196|314|103|382|483|469|222|178|5|391|196|314|103|382|483|469|222|178|5|391|196|314|103|382|483|469|222
12104,178|5|391|196|314|103|382|483|469|222|178|5|391|196|314|103|382|483|469|222|178|5|391|196|314|103|382|483|469|222|178|5|391|196|314|103|382|483|469|222
12105,178|5|391|196|314|103|382|483|469|222|178|5|391|196|314|103|382|483|469|222|178|5|391|196|314|103|382|483|469|222|178|5|391|196|314|103|382|483|469|222
12106,178|5|391|196|314|103|382|483|469|222|178|5|391|196|314|103|382|483|469|222|178|5|391|196|314|103|382|483|469|222|178|5|391|196|314|103|382|483|469|222
12107,178|5|391|196|314|103|382|483|469|222|178|5|391|196|314|103|382|483|469|222|178|5|391|196|314|103|382|483|469|222|178|5|391|196|314|103|382|483|469|222
12108,178|5|391|196|314|103|382|483|469|222|178|5|391|196|314|103|382|483|469|222|178|5|391|196|314|103|382|483|469|222|178|5|391|196|314|103|382|483|469|222
12109,178|5|391|196|314|103|382|483|469|222|178|5|391|196|314|103|382|483|469|222|178|5|391|196|314|103|382|483|469|222|178|5|391|196|314|103|382|483|469|222
12110,178|5|391|196|314|103|382|483|469|222|178|5|391|196|314|103|382|483|469|222|178|5|391|196|314|103|382|483|469|222|178|5|391|196|314|103|382|483|469|222
12111,178|5|391|196|314|103|382|483|469|222|178|5|391|196|314|103|382|483|469|222|178|5|391|196|314|103|382|483|469|222|178|5|391|196|314|103|382|483|469|222
12112,178|5|391|196|314|103|382|483|469|222|178|5|391|196|314|103|382|483|469|222|178|5|391|196|314|103|382|483|469|222|178|5|391|196|314|103|382|483|469|222
12113,178|5|391|196|314|103|382|483|469|222|178|5|391|196|314|103|382|483|469|222|178|5|391|196|314|103|382|483|469|222|178|5|391|196|314|103|382|483|469|222
12114,178|5|391|196|314|103|382|483|469|222|178|5|391|196|314|103|382|483|469|222|178|5|391|196|314|103|382|483|469|222|178|5|391|196|314|103|382|483|469|222
12115,178|5|391|196|314|103|382|483|469|222|178|5|391|196|314|103|382|483|469|222|178|5|391|196|314|103|382|483|469|222|178|5|391|196|314|103|382|483|469|222
12116,178|5|391|196|314|103|382|483|469|222|178|5|391|196|314|103|382|483|469|222|178|5|391|196|314|103|382|483|469|222|178|5|391|196|314|103|382|483|469|222
12117,178|5|391|196|314|103|382|483|469|222|178|5|391|196|314|103|382|483|469|222|178|5|391|196|314|103|382|483|469|222|178|5|391|196|314|103|382|483|469|222
12118,178|5|391|196|314|103|382|483|469|222|178|5|391|196|314|103|382|483|469|222|178|5|391|196|314|103|382|483|469|222|178|5|391|196|314|103|382|483|469|222
12119,178|5|391|196|314|103|382|483|469|222|178|5|391|196|314|103|382|483|469|222|178|5|391|196|314|103|382|483|469|222|178|5|391|196|314|103|382|483|469|222
12120,178|5|391|196|314|103|382|483|469|222|178|5|391|196|314|103|382|483|469|222|178|5|391|196|314|103|382|483|469|222|178|5|391|196|314|103|382|483|469|222
12121,178|5|391|196|314|103|382|483|469|222|178|5|391|196|314|103|382|483|469|222|178|5|391|196|314|103|382|483|469|222|178|5|391|196|314|103|382|483|469|222
12122,178|5|391|196|314|103|382|483|469|222|178|5|391|196|314|103|382|483|469|222|178|5|391|196|314|103|382|483|469|222|178|5|391|196|314|103|382|483|469|222
12123,178|5|391|196|314|103|382|483|469|222|178|5|391|196|314|103|382|483|469|222|178|5|391|196|314|103|382|483|469|222|178|5|391|196|314|103|382|483|469|222
12124,178|5|391|196|314|103|382|483|469|222|178|5|391|196|314|103|382|483|469|222|178|5|391|196|314|103|382|483|469|222|178|5|391|196|314|103|382|483|469|222
12125,178|5|391|196|314|103|382|483|469|222|178|5|391|196|314|103|382|483|469|222|178|5|391|196|314|103|382|483|469|222|178|5|391|196|314|103|382|483|469|222
12126,178|5|391|196|314|103|382|483|469|222|178|5|391|196|314|103|382|483|469|222|178|5|391|196|314|103|382|483|469|222|178|5|391|196|314|103|382|483|469|222
12127,178|5|391|196|314|103|382|483|469|222|178|5|391|196|314|103|382|483|469|222|178|5|391|196|314|103|382|483|469|222|178|5|391|196|314|103|382|483|469|222
12128,178|5|391|196|314|103|382|483|469|222|178|5|391|196|314|103|382|483|469|222|178|5|391|196|314|103|382|483|469|222|178|5|391|196|314|103|382|483|469|222
12129,178|5|391|196|314|103|382|483|469|222|178|5|391|196|314|103|382|483|469|222|178|5|391|196|314|103|382|483|469|222|178|5|391|196|314|103|382|483|469|222
12130,178|5|391|196|314|103|382|483|469|222|178|5|391|196|314|103|382|483|469|222|178|5|391|196|314|103|382|483|469|222|178|5|391|196|314|103|382|483|469|222
12131,178|5|391|196|314|103|382|483|469|222|178|5|391|196|314|103|382|483|469|222|178|5|391|196|314|103|382|483|469|222|178|5|391|196|314|103|382|483|469|222
12132,178|5|391|196|314|103|382|483|469|222|178|5|391|196|314|103|382|483|469|222|178|5|391|196|314|103|382|483|469|222|178|5|391|196|314|103|382|483|469|222
12133,178|5|391|196|314|103|382|483|469|222|178|5|391|196|314|103|382|483|469|222|178|5|391|196|314|103|382|483|469|222|178|5|391|196|314|103|382|483|469|222
12134,465|5|391|196|314|103|382|483|469|222|465|5|391|196|314|103|382|483|469|222|465|5|391|196|314|103|382|483|469|222|465|5|391|196|314|103|382|483|469|222
12135,178|5|391|196|314|103|382|483|469|222|178|5|391|196|314|103|382|483|469|222|178|5|391|196|314|103|382|483|469|222|178|5|391|196|314|103|382|483|469|222
12136,178|5|391|196|314|103|382|483|469|222|178|5|391|196|314|103|382|483|469|222|178|5|391|196|314|103|382|483|469|222|178|5|391|196|314|103|382|483|469|222
12137,178|5|391|196|314|103|382|483|469|222|178|5|391|196|314|103|382|483|469|222|178|5|391|196|314|103|382|483|469|222|178|5|391|196|314|103|382|483|469|222
12138,465|178|5|391|196|314|103|483|469|222|465|178|5|391|196|314|103|483|469|222|465|178|5|391|196|314|103|483|469|222|465|178|5|391|196|314|103|483|469|222
12139,178|5|391|196|314|103|382|483|469|222|178|5|391|196|314|103|382|483|469|222|178|5|391|196|314|103|382|483|469|222|178|5|391|196|314|103|382|483|469|222
12140,178|5|391|196|314|103|382|483|469|222|178|5|391|196|314|103|382|483|469|222|178|5|391|196|314|103|382|483|469|222|178|5|391|196|314|103|382|483|469|222
12141,178|5|391|196|314|103|382|483|469|222|178|5|391|196|314|103|382|483|469|222|178|5|391|196|314|103|382|483|469|222|178|5|391|196|314|103|382|483|469|222
12142,178|5|391|196|314|103|382|483|469|222|178|5|391|196|314|103|382|483|469|222|178|5|391|196|314|103|382|483|469|222|178|5|391|196|314|103|382|483|469|222
12143,178|5|391|196|314|103|382|483|469|222|178|5|391|196|314|103|382|483|469|222|178|5|391|196|314|103|382|483|469|222|178|5|391|196|314|103|382|483|469|222
12144,178|5|391|196|314|103|382|483|469|222|178|5|391|196|314|103|382|483|469|222|178|5|391|196|314|103|382|483|469|222|178|5|391|196|314|103|382|483|469|222
12145,178|5|391|196|314|103|382|483|469|222|178|5|391|196|314|103|382|483|469|222|178|5|391|196|314|103|382|483|469|222|178|5|391|196|314|103|382|483|469|222
12146,178|5|391|196|314|103|382|483|469|222|178|5|391|196|314|103|382|483|469|222|178|5|391|196|314|103|382|483|469|222|178|5|391|196|314|103|382|483|469|222
12147,465|178|5|196|314|103|382|483|469|222|465|178|5|196|314|103|382|483|469|222|465|178|5|196|314|103|382|483|469|222|465|178|5|196|314|103|382|483|469|222
12148,178|5|391|196|314|103|382|483|469|222|178|5|391|196|314|103|382|483|469|222|178|5|391|196|314|103|382|483|469|222|178|5|391|196|314|103|382|483|469|222
12149,178|5|391|196|314|103|382|483|469|222|178|5|391|196|314|103|382|483|469|222|178|5|391|196|314|103|382|483|469|222|178|5|391|196|314|103|382|483|469|222
12150,178|5|391|196|314|103|382|483|469|222|178|5|391|196|314|103|382|483|469|222|178|5|391|196|314|103|382|483|469|222|178|5|391|196|314|103|382|483|469|222
12151,178|5|391|196|314|103|382|483|469|222|178|5|391|196|314|103|382|483|469|222|178|5|391|196|314|103|382|483|469|222|178|5|391|196|314|103|382|483|469|222
12152,465|178|5|391|314|103|382|483|469|222|465|178|5|391|314|103|382|483|469|222|465|178|5|391|314|103|382|483|469|222|465|178|5|391|314|103|382|483|469|222
12153,178|5|391|196|314|103|382|483|469|222|178|5|391|196|314|103|382|483|469|222|178|5|391|196|314|103|382|483|469|222|178|5|391|196|314|103|382|483|469|222
12154,178|5|391|196|314|103|382|483|469|222|178|5|391|196|314|103|382|483|469|222|178|5|391|196|314|103|382|483|469|222|178|5|391|196|314|103|382|483|469|222
12155,178|5|391|196|314|103|382|483|469|222|178|5|391|196|314|103|382|483|469|222|178|5|391|196|314|103|382|483|469|222|178|5|391|196|314|103|382|483|469|222
12156,178|5|391|196|314|103|382|483|469|222|178|5|391|196|314|103|382|483|469|222|178|5|391|196|314|103|382|483|469|222|178|5|391|196|314|103|382|483|469|222
12157,178|5|391|196|314|103|382|483|469|222|178|5|391|196|314|103|382|483|469|222|178|5|391|196|314|103|382|483|469|222|178|5|391|196|314|103|382|483|469|222
12158,465|178|5|391|196|314|382|483|469|222|465|178|5|391|196|314|382|483|469|222|465|178|5|391|196|314|382|483|469|222|465|178|5|391|196|314|382|483|469|222
12159,178|5|391|196|314|103|382|483|469|222|178|5|391|196|314|103|382|483|469|222|178|5|391|196|314|103|382|483|469|222|178|5|391|196|314|103|382|483|469|222
12160,178|5|391|196|314|103|382|483|469|222|178|5|391|196|314|103|382|483|469|222|178|5|391|196|314|103|382|483|469|222|178|5|391|196|314|103|382|483|469|222
12161,178|5|391|196|314|103|382|483|469|222|178|5|391|196|314|103|382|483|469|222|178|5|391|196|314|103|382|483|469|222|178|5|391|196|314|103|382|483|469|222
12162,178|5|391|196|314|103|382|483|469|222|178|5|391|196|314|103|382|483|469|222|178|5|391|196|314|103|382|483|469|222|178|5|391|196|314|103|382|483|469|222
12163,178|5|391|196|314|103|382|483|469|222|178|5|391|196|314|103|382|483|469|222|178|5|391|196|314|103|382|483|469|222|178|5|391|196|314|103|382|483|469|222
12164,178|5|391|196|314|103|382|483|469|222|178|5|391|196|314|103|382|483|469|222|178|5|391|196|314|103|382|483|469|222|178|5|391|196|314|103|382|483|469|222
12165,178|5|391|196|314|103|382|483|469|222|178|5|391|196|314|103|382|483|469|222|178|5|391|196|314|103|382|483|469|222|178|5|391|196|314|103|382|483|469|222
12166,178|5|391|196|314|103|382|483|469|222|178|5|391|196|314|103|382|483|469|222|178|5|391|196|314|103|382|483|469|222|178|5|391|196|314|103|382|483|469|222
12167,178|5|391|196|314|103|382|483|469|222|178|5|391|196|314|103|382|483|469|222|178|5|391|196|314|103|382|483|469|222|178|5|391|196|314|103|382|483|469|222
12168,178|5|391|196|314|103|382|483|469|222|178|5|391|196|314|103|382|483|469|222|178|5|391|196|314|103|382|483|469|222|178|5|391|196|314|103|382|483|469|222
12169,178|5|391|196|314|103|382|483|469|222|178|5|391|196|314|103|382|483|469|222|178|5|391|196|314|103|382|483|469|222|178|5|391|196|314|103|382|483|469|222
12170,465|178|5|391|196|103|382|483|469|222|465|178|5|391|196|103|382|483|469|222|465|178|5|391|196|103|382|483|469|222|465|178|5|391|196|103|382|483|469|222
12171,178|5|391|196|314|103|382|483|469|222|178|5|391|196|314|103|382|483|469|222|178|5|391|196|314|103|382|483|469|222|178|5|391|196|314|103|382|483|469|222
12172,178|5|391|196|314|103|382|483|469|222|178|5|391|196|314|103|382|483|469|222|178|5|391|196|314|103|382|483|469|222|178|5|391|196|314|103|382|483|469|222
12173,178|5|391|196|314|103|382|483|469|222|178|5|391|196|314|103|382|483|469|222|178|5|391|196|314|103|382|483|469|222|178|5|391|196|314|103|382|483|469|222
12174,178|5|391|196|314|103|382|483|469|222|178|5|391|196|314|103|382|483|469|222|178|5|391|196|314|103|382|483|469|222|178|5|391|196|314|103|382|483|469|222
12175,178|5|391|196|314|103|382|483|469|222|178|5|391|196|314|103|382|483|469|222|178|5|391|196|314|103|382|483|469|222|178|5|391|196|314|103|382|483|469|222
12176,178|5|391|196|314|103|382|483|469|222|178|5|391|196|314|103|382|483|469|222|178|5|391|196|314|103|382|483|469|222|178|5|391|196|314|103|382|483|469|222
12177,178|5|391|196|314|103|382|483|469|222|178|5|391|196|314|103|382|483|469|222|178|5|391|196|314|103|382|483|469|222|178|5|391|196|314|103|382|483|469|222
12178,178|5|391|196|314|103|382|483|469|222|178|5|391|196|314|103|382|483|469|222|178|5|391|196|314|103|382|483|469|222|178|5|391|196|314|103|382|483|469|222
12179,178|5|391|196|314|103|382|483|469|222|178|5|391|196|314|103|382|483|469|222|178|5|391|196|314|103|382|483|469|222|178|5|391|196|314|103|382|483|469|222
12180,178|5|391|196|314|103|382|483|469|222|178|5|391|196|314|103|382|483|469|222|178|5|391|196|314|103|382|483|469|222|178|5|391|196|314|103|382|483|469|222
12181,178|5|391|196|314|103|382|483|469|222|178|5|391|196|314|103|382|483|469|222|178|5|391|196|314|103|382|483|469|222|178|5|391|196|314|103|382|483|469|222
12182,178|5|391|196|314|103|382|483|469|222|178|5|391|196|314|103|382|483|469|222|178|5|391|196|314|103|382|483|469|222|178|5|391|196|314|103|382|483|469|222
12183,178|5|391|196|314|103|382|483|469|222|178|5|391|196|314|103|382|483|469|222|178|5|391|196|314|103|382|483|469|222|178|5|391|196|314|103|382|483|469|222
12184,178|5|391|196|314|103|382|483|469|222|178|5|391|196|314|103|382|483|469|222|178|5|391|196|314|103|382|483|469|222|178|5|391|196|314|103|382|483|469|222
12185,178|5|391|196|314|103|382|483|469|222|178|5|391|196|314|103|382|483|469|222|178|5|391|196|314|103|382|483|469|222|178|5|391|196|314|103|382|483|469|222
12186,178|5|391|196|314|103|382|483|469|222|178|5|391|196|314|103|382|483|469|222|178|5|391|196|314|103|382|483|469|222|178|5|391|196|314|103|382|483|469|222
12187,178|5|391|196|314|103|382|483|469|222|178|5|391|196|314|103|382|483|469|222|178|5|391|196|314|103|382|483|469|222|178|5|391|196|314|103|382|483|469|222
12188,178|5|391|196|314|103|382|483|469|222|178|5|391|196|314|103|382|483|469|222|178|5|391|196|314|103|382|483|469|222|178|5|391|196|314|103|382|483|469|222
12189,178|5|391|196|314|103|382|483|469|222|178|5|391|196|314|103|382|483|469|222|178|5|391|196|314|103|382|483|469|222|178|5|391|196|314|103|382|483|469|222
12190,178|5|391|196|314|103|382|483|469|222|178|5|391|196|314|103|382|483|469|222|178|5|391|196|314|103|382|483|469|222|178|5|391|196|314|103|382|483|469|222
12191,178|5|391|196|314|103|382|483|469|222|178|5|391|196|314|103|382|483|469|222|178|5|391|196|314|103|382|483|469|222|178|5|391|196|314|103|382|483|469|222
12192,178|5|391|196|314|103|382|483|469|222|178|5|391|196|314|103|382|483|469|222|178|5|391|196|314|103|382|483|469|222|178|5|391|196|314|103|382|483|469|222
12193,178|5|391|196|314|103|382|483|469|222|178|5|391|196|314|103|382|483|469|222|178|5|391|196|314|103|382|483|469|222|178|5|391|196|314|103|382|483|469|222
12194,178|5|391|196|314|103|382|483|469|222|178|5|391|196|314|103|382|483|469|222|178|5|391|196|314|103|382|483|469|222|178|5|391|196|314|103|382|483|469|222
12195,178|5|391|196|314|103|382|483|469|222|178|5|391|196|314|103|382|483|469|222|178|5|391|196|314|103|382|483|469|222|178|5|391|196|314|103|382|483|469|222
12196,178|5|391|196|314|103|382|483|469|222|178|5|391|196|314|103|382|483|469|222|178|5|391|196|314|103|382|483|469|222|178|5|391|196|314|103|382|483|469|222
12197,178|5|391|196|314|103|382|483|469|222|178|5|391|196|314|103|382|483|469|222|178|5|391|196|314|103|382|483|469|222|178|5|391|196|314|103|382|483|469|222
12198,178|5|391|196|314|103|382|483|469|222|178|5|391|196|314|103|382|483|469|222|178|5|391|196|314|103|382|483|469|222|178|5|391|196|314|103|382|483|469|222
12199,178|5|391|196|314|103|382|483|469|222|178|5|391|196|314|103|382|483|469|222|178|5|391|196|314|103|382|483|469|222|178|5|391|196|314|103|382|483|469|222
12200,178|5|391|196|314|103|382|483|469|222|178|5|391|196|314|103|382|483|469|222|178|5|391|196|314|103|382|483|469|222|178|5|391|196|314|103|382|483|469|222
12201,178|5|391|196|314|103|382|483|469|222|178|5|391|196|314|103|382|483|469|222|178|5|391|196|314|103|382|483|469|222|178|5|391|196|314|103|382|483|469|222
12202,178|5|391|196|314|103|382|483|469|222|178|5|391|196|314|103|382|483|469|222|178|5|391|196|314|103|382|483|469|222|178|5|391|196|314|103|382|483|469|222
12203,178|5|391|196|314|103|382|483|469|222|178|5|391|196|314|103|382|483|469|222|178|5|391|196|314|103|382|483|469|222|178|5|391|196|314|103|382|483|469|222
12204,178|5|391|196|314|103|382|483|469|222|178|5|391|196|314|103|382|483|469|222|178|5|391|196|314|103|382|483|469|222|178|5|391|196|314|103|382|483|469|222
12205,178|5|391|196|314|103|382|483|469|222|178|5|391|196|314|103|382|483|469|222|178|5|391|196|314|103|382|483|469|222|178|5|391|196|314|103|382|483|469|222
12206,178|5|391|196|314|103|382|483|469|222|178|5|391|196|314|103|382|483|469|222|178|5|391|196|314|103|382|483|469|222|178|5|391|196|314|103|382|483|469|222
12207,178|5|391|196|314|103|382|483|469|222|178|5|391|196|314|103|382|483|469|222|178|5|391|196|314|103|382|483|469|222|178|5|391|196|314|103|382|483|469|222
12208,178|5|391|196|314|103|382|483|469|222|178|5|391|196|314|103|382|483|469|222|178|5|391|196|314|103|382|483|469|222|178|5|391|196|314|103|382|483|469|222
12209,178|5|391|196|314|103|382|483|469|222|178|5|391|196|314|103|382|483|469|222|178|5|391|196|314|103|382|483|469|222|178|5|391|196|314|103|382|483|469|222
12210,178|5|391|196|314|103|382|483|469|222|178|5|391|196|314|103|382|483|469|222|178|5|391|196|314|103|382|483|469|222|178|5|391|196|314|103|382|483|469|222
12211,178|5|391|196|314|103|382|483|469|222|178|5|391|196|314|103|382|483|469|222|178|5|391|196|314|103|382|483|469|222|178|5|391|196|314|103|382|483|469|222
12212,178|5|391|196|314|103|382|483|469|222|178|5|391|196|314|103|382|483|469|222|178|5|391|196|314|103|382|483|469|222|178|5|391|196|314|103|382|483|469|222
12213,178|5|391|196|314|103|382|483|469|222|178|5|391|196|314|103|382|483|469|222|178|5|391|196|314|103|382|483|469|222|178|5|391|196|314|103|382|483|469|222
12214,178|5|391|196|314|103|382|483|469|222|178|5|391|196|314|103|382|483|469|222|178|5|391|196|314|103|382|483|469|222|178|5|391|196|314|103|382|483|469|222
12215,178|5|391|196|314|103|382|483|469|222|178|5|391|196|314|103|382|483|469|222|178|5|391|196|314|103|382|483|469|222|178|5|391|196|314|103|382|483|469|222
12216,178|5|391|196|314|103|382|483|469|222|178|5|391|196|314|103|382|483|469|222|178|5|391|196|314|103|382|483|469|222|178|5|391|196|314|103|382|483|469|222
12217,178|5|391|196|314|103|382|483|469|222|178|5|391|196|314|103|382|483|469|222|178|5|391|196|314|103|382|483|469|222|178|5|391|196|314|103|382|483|469|222
12218,178|5|391|196|314|103|382|483|469|222|178|5|391|196|314|103|382|483|469|222|178|5|391|196|314|103|382|483|469|222|178|5|391|196|314|103|382|483|469|222
12219,178|5|391|196|314|103|382|483|469|222|178|5|391|196|314|103|382|483|469|222|178|5|391|196|314|103|382|483|469|222|178|5|391|196|314|103|382|483|469|222
12220,178|5|391|196|314|103|382|483|469|222|178|5|391|196|314|103|382|483|469|222|178|5|391|196|314|103|382|483|469|222|178|5|391|196|314|103|382|483|469|222
12221,178|5|391|196|314|103|382|483|469|222|178|5|391|196|314|103|382|483|469|222|178|5|391|196|314|103|382|483|469|222|178|5|391|196|314|103|382|483|469|222
12222,178|5|391|196|314|103|382|483|469|222|178|5|391|196|314|103|382|483|469|222|178|5|391|196|314|103|382|483|469|222|178|5|391|196|314|103|382|483|469|222
12223,178|5|391|196|314|103|382|483|469|222|178|5|391|196|314|103|382|483|469|222|178|5|391|196|314|103|382|483|469|222|178|5|391|196|314|103|382|483|469|222
12224,178|5|391|196|314|103|382|483|469|222|178|5|391|196|314|103|382|483|469|222|178|5|391|196|314|103|382|483|469|222|178|5|391|196|314|103|382|483|469|222
12225,465|178|5|391|196|314|103|382|483|222|465|178|5|391|196|314|103|382|483|222|465|178|5|391|196|314|103|382|483|222|465|178|5|391|196|314|103|382|483|222
12226,178|5|391|196|314|103|382|483|469|222|178|5|391|196|314|103|382|483|469|222|178|5|391|196|314|103|382|483|469|222|178|5|391|196|314|103|382|483|469|222
12227,178|5|391|196|314|103|382|483|469|222|178|5|391|196|314|103|382|483|469|222|178|5|391|196|314|103|382|483|469|222|178|5|391|196|314|103|382|483|469|222
12228,178|5|391|196|314|103|382|483|469|222|178|5|391|196|314|103|382|483|469|222|178|5|391|196|314|103|382|483|469|222|178|5|391|196|314|103|382|483|469|222
12229,178|5|391|196|314|103|382|483|469|222|178|5|391|196|314|103|382|483|469|222|178|5|391|196|314|103|382|483|469|222|178|5|391|196|314|103|382|483|469|222
12230,178|5|391|196|314|103|382|483|469|222|178|5|391|196|314|103|382|483|469|222|178|5|391|196|314|103|382|483|469|222|178|5|391|196|314|103|382|483|469|222
12231,178|5|391|196|314|103|382|483|469|222|178|5|391|196|314|103|382|483|469|222|178|5|391|196|314|103|382|483|469|222|178|5|391|196|314|103|382|483|469|222
12232,178|5|391|196|314|103|382|483|469|222|178|5|391|196|314|103|382|483|469|222|178|5|391|196|314|103|382|483|469|222|178|5|391|196|314|103|382|483|469|222
12233,178|5|391|196|314|103|382|483|469|222|178|5|391|196|314|103|382|483|469|222|178|5|391|196|314|103|382|483|469|222|178|5|391|196|314|103|382|483|469|222
12234,178|5|391|196|314|103|382|483|469|222|178|5|391|196|314|103|382|483|469|222|178|5|391|196|314|103|382|483|469|222|178|5|391|196|314|103|382|483|469|222
12235,178|5|391|196|314|103|382|483|469|222|178|5|391|196|314|103|382|483|469|222|178|5|391|196|314|103|382|483|469|222|178|5|391|196|314|103|382|483|469|222
12236,178|5|391|196|314|103|382|483|469|222|178|5|391|196|314|103|382|483|469|222|178|5|391|196|314|103|382|483|469|222|178|5|391|196|314|103|382|483|469|222
12237,178|5|391|196|314|103|382|483|469|222|178|5|391|196|314|103|382|483|469|222|178|5|391|196|314|103|382|483|469|222|178|5|391|196|314|103|382|483|469|222
12238,465|178|5|391|196|314|103|483|469|222|465|178|5|391|196|314|103|483|469|222|465|178|5|391|196|314|103|483|469|222|465|178|5|391|196|314|103|483|469|222
12239,465|178|5|391|196|314|103|382|469|222|465|178|5|391|196|314|103|382|469|222|465|178|5|391|196|314|103|382|469|222|465|178|5|391|196|314|103|382|469|222
12240,178|5|391|196|314|103|382|483|469|222|178|5|391|196|314|103|382|483|469|222|178|5|391|196|314|103|382|483|469|222|178|5|391|196|314|103|382|483|469|222
12241,178|5|391|196|314|103|382|483|469|222|178|5|391|196|314|103|382|483|469|222|178|5|391|196|314|103|382|483|469|222|178|5|391|196|314|103|382|483|469|222
12242,178|5|391|196|314|103|382|483|469|222|178|5|391|196|314|103|382|483|469|222|178|5|391|196|314|103|382|483|469|222|178|5|391|196|314|103|382|483|469|222
12243,178|5|391|196|314|103|382|483|469|222|178|5|391|196|314|103|382|483|469|222|178|5|391|196|314|103|382|483|469|222|178|5|391|196|314|103|382|483|469|222
12244,178|5|391|196|314|103|382|483|469|222|178|5|391|196|314|103|382|483|469|222|178|5|391|196|314|103|382|483|469|222|178|5|391|196|314|103|382|483|469|222
12245,178|5|391|196|314|103|382|483|469|222|178|5|391|196|314|103|382|483|469|222|178|5|391|196|314|103|382|483|469|222|178|5|391|196|314|103|382|483|469|222
12246,178|5|391|196|314|103|382|483|469|222|178|5|391|196|314|103|382|483|469|222|178|5|391|196|314|103|382|483|469|222|178|5|391|196|314|103|382|483|469|222
12247,465|178|5|196|314|103|382|483|469|222|465|178|5|196|314|103|382|483|469|222|465|178|5|196|314|103|382|483|469|222|465|178|5|196|314|103|382|483|469|222
12248,178|5|391|196|314|103|382|483|469|222|178|5|391|196|314|103|382|483|469|222|178|5|391|196|314|103|382|483|469|222|178|5|391|196|314|103|382|483|469|222
12249,178|5|391|196|314|103|382|483|469|222|178|5|391|196|314|103|382|483|469|222|178|5|391|196|314|103|382|483|469|222|178|5|391|196|314|103|382|483|469|222
12250,178|5|391|196|314|103|382|483|469|222|178|5|391|196|314|103|382|483|469|222|178|5|391|196|314|103|382|483|469|222|178|5|391|196|314|103|382|483|469|222
12251,465|178|5|391|314|103|382|483|469|222|465|178|5|391|314|103|382|483|469|222|465|178|5|391|314|103|382|483|469|222|465|178|5|391|314|103|382|483|469|222
12252,178|5|391|196|314|103|382|483|469|222|178|5|391|196|314|103|382|483|469|222|178|5|391|196|314|103|382|483|469|222|178|5|391|196|314|103|382|483|469|222
12253,178|5|391|196|314|103|382|483|469|222|178|5|391|196|314|103|382|483|469|222|178|5|391|196|314|103|382|483|469|222|178|5|391|196|314|103|382|483|469|222
12254,178|5|391|196|314|103|382|483|469|222|178|5|391|196|314|103|382|483|469|222|178|5|391|196|314|103|382|483|469|222|178|5|391|196|314|103|382|483|469|222
